{"timestamps": [1491238028.620366, 1491238030.418414, 1491238031.54554, 1491238032.511894, 1491238033.353924, 1491238033.378989, 1491238034.042885, 1491238034.980469, 1491238036.814825, 1491238037.924423, 1491238037.955993, 1491238038.700945], "initial_reset_timestamp": 1491238027.327453, "episode_types": ["t", "t", "t", "t", "t", "t", "t", "t", "t", "t", "t", "t", "t"], "episode_lengths": [50, 50, 50, 50, 50, 50, 50, 50, 50, 50, 50, 50], "episode_rewards": [-91.10449240972565, -103.86627766399079, -103.05305937135772, -81.640306827934, -96.52063287967779, -81.81985113107991, -88.24414472601082, -81.25651138574497, -79.04601219440012, -97.8148015122544, -36.597578415132325, -46.62134741689983]}