{"timestamps": [1490743789.158174, 1490743795.967553, 1490743797.91363, 1490743801.241028, 1490743803.082751, 1490743806.418521, 1490743808.245052, 1490743811.559481, 1490743816.362024, 1490743819.796361, 1490743821.629164, 1490743824.948872, 1490743826.787797, 1490743830.115354, 1490743831.958061, 1490743835.28458, 1490743837.101819, 1490743840.418366, 1490743842.235386, 1490743845.553591, 1490743847.35578, 1490743850.671225, 1490743852.487038, 1490743855.806827, 1490743857.618535, 1490743860.940676, 1490743862.766086, 1490743869.470243, 1490743871.377639, 1490743874.695209, 1490743876.532197, 1490743879.845817, 1490743881.70168, 1490743885.031374, 1490743886.84865, 1490743890.164656, 1490743891.979793, 1490743895.300318, 1490743897.265264, 1490743900.584632, 1490743902.399486, 1490743905.582131, 1490743907.402772, 1490743909.906683, 1490743911.717519, 1490743914.233289, 1490743916.054395, 1490743918.571949, 1490743920.386464, 1490743922.899644, 1490743924.711457, 1490743927.215057, 1490743929.023027, 1490743931.53147, 1490743933.354167, 1490743935.907828, 1490743937.732965, 1490743940.271655], "initial_reset_timestamp": 1490743783.652211, "episode_types": ["t", "t", "t", "t", "t", "t", "t", "t", "t", "t", "t", "t", "t", "t", "t", "t", "t", "t", "t", "t", "t", "t", "t", "t", "t", "t", "t", "t", "t", "t", "t", "t", "t", "t", "t", "t", "t", "t", "t", "t", "t", "t", "t", "t", "t", "t", "t", "t", "t", "t", "t", "t", "t", "t", "t", "t", "t", "t", "t"], "episode_lengths": [200, 200, 200, 200, 200, 200, 200, 200, 200, 200, 200, 200, 200, 200, 200, 200, 200, 200, 200, 200, 200, 200, 200, 200, 200, 200, 200, 200, 200, 200, 200, 200, 200, 200, 200, 200, 200, 200, 200, 200, 200, 200, 200, 200, 200, 200, 200, 200, 200, 200, 200, 200, 200, 200, 200, 200, 200, 200], "episode_rewards": [-1475.88913969129, -1544.501708984375, -1187.9235230334475, -1581.053466796875, -1439.9761267088104, -1104.971435546875, -1447.500516489023, -1371.5684814453125, -1548.4431263186548, -1575.3040771484375, -1197.8311178756896, -1651.82763671875, -1564.571943922351, -1654.267822265625, -1462.0430451978084, -1624.302490234375, -1642.3152347209887, -1314.2276611328125, -1650.2046333188773, -1202.9722900390625, -1043.1768014467227, -1226.9149169921875, -1166.1780301989002, -1610.7880859375, -1278.9420725884181, -1492.2913818359375, -1494.7979210727415, -1104.7752685546875, -1508.203862114464, -1279.892578125, -1316.3392346600178, -1450.9102783203125, -1161.8536718006446, -1188.618408203125, -1341.2213728311572, -1410.6552734375, -1250.990236059344, -1422.4798583984375, -1614.1488630579347, -1635.8370361328125, -1495.8362832891548, -1655.6727294921875, -1175.970660888096, -1502.2607421875, -1595.912226003104, -952.8872680664062, -1167.5894352786165, -1536.2178955078125, -1584.4597421951462, -1212.71826171875, -1509.8093925315532, -1634.50927734375, -1574.4995535226337, -1657.0849609375, -1656.23857780995, -1507.814208984375, -1727.3910716651897, -1206.731689453125]}