{"timestamps": [1490414883.334262, 1490414889.126721, 1490414892.488025, 1490414895.28777, 1490414898.111473, 1490414900.975607, 1490414903.868723, 1490414906.947099, 1490414913.001021, 1490414916.038196], "initial_reset_timestamp": 1490414875.494975, "episode_types": ["t", "t", "t", "t", "t", "t", "t", "t", "t", "t"], "episode_lengths": [200, 200, 200, 200, 200, 200, 200, 200, 200, 200], "episode_rewards": [-1063.6435263135, -1019.9706792612515, -1284.4487606458345, -1574.6033272312054, -1553.29316257237, -1284.9959660145412, -1512.1008327919617, -1511.7656758263233, -1535.8206551454753, -1532.0635304150226]}