{"timestamps": [1491253970.367906, 1491254019.769842, 1491254032.400054, 1491254047.839823], "initial_reset_timestamp": 1491253924.332255, "episode_types": ["t", "t", "t", "t", "t"], "episode_lengths": [1000, 1000, 1000, 1000], "episode_rewards": [17.6316002079233, 28.63130075047147, 37.29851747399483, 4.722654030970758]}