{"timestamps": [1491253932.61441, 1491253934.53036, 1491253935.613563, 1491253936.586017, 1491253937.529609, 1491253938.50194, 1491253939.460907, 1491253940.620415, 1491253942.966396, 1491253944.136319, 1491253945.128022, 1491253946.116703, 1491253947.082454, 1491253948.04131, 1491253949.006002, 1491253949.958985, 1491253950.928728, 1491253951.908059, 1491253952.885626, 1491253953.832953, 1491253954.684699, 1491253954.710973, 1491253955.364912, 1491253956.321036, 1491253957.247107, 1491253958.181532, 1491253959.12453, 1491253961.418996, 1491253962.564171, 1491253963.540958, 1491253964.566383, 1491253965.515423, 1491253966.459034, 1491253967.399172, 1491253968.337874, 1491253969.307255, 1491253970.250927, 1491253971.242415, 1491253972.024599, 1491253972.90612], "initial_reset_timestamp": 1491253931.041547, "episode_types": ["t", "t", "t", "t", "t", "t", "t", "t", "t", "t", "t", "t", "t", "t", "t", "t", "t", "t", "t", "t", "t", "t", "t", "t", "t", "t", "t", "t", "t", "t", "t", "t", "t", "t", "t", "t", "t", "t", "t", "t", "t"], "episode_lengths": [50, 50, 50, 50, 50, 50, 50, 50, 50, 50, 50, 50, 50, 50, 50, 50, 50, 50, 50, 50, 50, 50, 50, 50, 50, 50, 50, 50, 50, 50, 50, 50, 50, 50, 50, 50, 50, 50, 50, 50], "episode_rewards": [-123.18537935917455, -121.26477306973848, -121.72663523940061, -127.117632428688, -79.001855565408, -42.92154160999155, -31.822026764073154, -18.52060081994725, -29.396669699258183, -67.66153208726321, -83.4903328707651, -90.5686782344863, -100.82817019389188, -105.14679804588263, -39.8824364806077, -29.160674079308045, -22.394022854389274, -17.922703379105595, -22.70565730398481, -24.850401578335934, -26.530310141857605, -195.0379035115188, -103.40573415200384, -37.696812093709006, -33.79059299761729, -23.238040103755225, -76.65281209187599, -64.2036505293547, -98.71758352332407, -129.54567053150274, -149.10932223499395, -83.0068300742689, -22.616608942507696, -36.687510824790884, -65.22412832280396, -52.61493504814599, -101.90531367061902, -179.9845646771094, -213.58121683168102, -229.26467853193103]}